model,val_f1_opt_threshold,val_best_f1,test_precision,test_recall,test_f1,test_pr_auc,test_roc_auc,test_tn,test_fp,test_fn,test_tp,test_support
bert,0.955459,0.994995,0.9944664031620554,0.9923744412306074,0.9934193208739142,0.9996998799667274,0.9997574912534553,4880,21,29,3774,8704
distilbert,0.046545,0.994741,0.9908376963350786,0.9952668945569287,0.9930473566837204,0.9994704098693099,0.9995671326178932,4866,35,18,3785,8704
distilbert_preproc256_v1,0.966187,0.994596,0.9942013705851345,0.9918485406258217,0.9930235619323418,0.9992500743515783,0.9993999518094345,4879,22,31,3772,8704
bert_preproc256_v1,0.150156,0.995263,0.9908232826428947,0.9936891927425716,0.9922541683077327,0.998422269032858,0.9994484535587436,4866,35,24,3779,8704
tfidf_linearsvc,0.47201,0.971619,0.9856679286100595,0.95845385222193,0.9718704172776963,0.9937269297514698,0.9945576637780406,4848,53,158,3645,8704
tfidf_lr,0.43665,0.968284,0.9823895963153617,0.953457796476466,0.9677074993327995,0.9917786600325944,0.9943636836069935,4836,65,177,3626,8704
tfidf_mnb,0.439666,0.963232,0.9837196467991169,0.9374178280305022,0.9600107715093578,0.9920847888426432,0.9920813114658403,4842,59,238,3565,8704
